Nombre,Apellido(s),Nombre_de_usuario,"Número de ID","Dirección Email",Grupos
"CARLOS SAMUEL","AGUILAR ACOSTA",3846591440115,202200131,samuelon008@gmail.com,
"JOAB ISRAEL","AJSIVINAC AJSIVINAC",3114791110409,202200135,meso.israelajsivinac@gmail.com,
"JAVIER ALEJANDRO","AVILA FLORES",3017077070101,202200392,floresjavier092@gmail.com,
"EVELYN MARICELY","BALCARCEL RIVERA",3149328281501,202200110,2003balcarcel.evelyn@gmail.com,
"JORGE DAVID","BARILLAS SOBERANIS",3009664310101,202103035,jdbs2002ba@gmail.com,
"JOSE JAVIER","BONILLA SALAZAR",3749999370101,202200035,josejavierb10@gmail.com,
"CARLOS ENRIQUE","BOROR LICONA",3039040460110,202101616,carlosboror070@gmail.com,
"CHRISTIAN SAMUEL","BRAN MAZARIEGOS",3223674251001,202200048,samuelbran1979@gmail.com,
"SERGIO ROLANDO","BRIONES HANSER",3056507260301,202010286,sergiohanser26418@gmail.com,
"JAQUELINE GABRIELA","CALANCHE RODRIGUEZ",3850148130101,202100204,calanchejaqueline@gmail.com,
"NATALIA MARIEL","CALDERÓN ECHEVERRÍA",3688125610101,202200007,natalia7cald@gmail.com,
"DIEGO FELIPE","CALI MORALES",2897315340401,202201128,diegocali123@gmail.com,
"JOHAN MOISES","CARDONA ROSALES",3602975440101,202201405,j.cardona.vcdb@gmail.com,
"ALLÁN DENILSON","CARDONA SANTOS",3004995740101,202200181,allancardona2000@gmail.com,
"RODRIGO SEBASTIAN","CASTRO AGUILAR",3676287160101,202204496,rs.castro0417@gmail.com,
"DIEGO RENÉ","CHEN TEYUL",2918388471601,202202882,diegorenechen19@gmail.com,
"KEVIN EDUARDO","CHIQUITO BURRION",2812646510304,202200235,eburrion57@gmail.com,
"ANGEL GABRIEL","CHIROY LÓPEZ",3877295690101,202111456,gabriellop2002@gmail.com,
"GIANCARLO ADONAY","CIFUENTES LOARCA",2070195250101,202100312,giancrlokin12@gmail.com,
"ENGEL EMILIO","COC RAXJAL",3113837500409,202200314,engel200221@gmail.com,
"CARLOS EMILIO","COLINDRES PÉREZ",3146453220502,201709173,ecolindresperez123@gmail.com,
"LUIS CARLOS","CORLETO MARROQUÍN",3082203580607,202106651,3082203580607@ingenieria.usac.edu.gt,
"ANGEL JAVIER","CORNEJO GRAMAJO",3200478810914,202201130,javiangel233@gmail.com,
"ALEXANDER OMAR","CRUZ RAMIREZ",2989331010101,202100167,alexander.mirez@gmail.com,
ISAI,"DARDON MAYEN",3011101070101,202200033,isaidardon13.es@gmail.com,
"MATEO ESTUARDO","DIEGO NORIEGA",3154436181301,202203009,estuardonoriega36@gmail.com,
"ADRIANA BEATRIZ","DUARTE CASTILLO",2995733700101,202010511,abdcbeatriz@gmail.com,
"GAITÁN IBARRA","ENRIQUE FERNANDO",3011233730101,202110531,fi94457@gmail.com,
"JOSÉ LUIS","ESPINOZA JOLÓN",3524722860101,202202182,jespinozajolon@gmail.com,
"VICTOR ANDRES","ESTRADA EGUIZABAL",2995339990101,202001361,victor.estrada.e16@gmail.com,
"MARIA HERCILIA","FLORES ALVAREZ",2982165900101,202106435,maryflores1811@gmail.com,
"BYRON MIGUEL","GALICIA HERNANDEZ",3007571230101,201907177,bmgalicia@hotmail.com,
"DANIEL ABRAHAM","GALVEZ SOLORZANO",3613816540101,202203361,galvezdaniel777@gmail.com,
"EDISON MAURICIO","GARCÍA RODRÍGUEZ",3292719381105,202200031,eg57485@gmail.com,
"ROBERTO MIGUEL","GARCÍA SANTIZO",3008431000101,202201724,rgarciasantizo@gmail.com,
"VICTOR JAVIER","GARCIA VALDEZ",2994936870101,202100507,victorjgvaldez@gmail.com,
"PABLO ANTONIO","GIRÓN CHUGA",3016220860101,202200151,pablogironch@gmail.com,
"LUIS DAVID","GIRÓN MOTA",3482418950101,202200003,ldgm6c2016@gmail.com,
"JOSÉ DAVID","GÓNGORA OLMEDO",3820239000101,202201444,jdavidgongorao@gmail.com,
"JOSE LUIS ANTONIO","GONZALEZ GARCIA",2990519940101,202210009,joseantonio12373@gmail.com,
"BRITANY ALEJANDRA","GONZÁLEZ MENDOZA",3602525910101,201904051,brit.alegonzalez10@gmail.com,
"FAUSTO ALEXANDER","GUZMAN RODAS",3043224070114,202106364,guz18702@gmail.com,
"JOSE ROLANDO","HERRERA AJPACAJA",3491390240108,201700816,201700816@ingenieria.usac.edu.gt,
MICHAEL,ITZEP,3065050960401,201610975,skylinegt097@gmail.com,
"EDWIN DANILO","JERONIMO TOMAS",2873312610301,202200081,danyjeronimo34@gmail.com,
"PEDRO ALEXANDER","LACÁN TALÉ",3238972230801,201906792,pedrolacan18@gmail.com,
"JULIO SAMUEL ISAAC","LIMA DONIS",3042393990114,202200002,samueldonis2013@gmail.com,
"JOSÉ LEONEL","LÓPEZ AJVIX",3017067350101,202201211,lopezajvixjoseleonel@gmail.com,
"ALEX OSWALDO","LOPEZ ALQUEJAY",3065859010401,202100171,alexlopez.aola@gmail.com,
"LUIGI ANDERSON","LOPEZ SUY",3022142670101,202104727,luiguisuy@gmail.com,
"PEDRO PABLO RAÚL","LÓPEZ VÁRGAS",3010535370101,202004730,pederxdd@gmail.com,
"ÁNGEL MOISÉS","LÓPEZ YUS",2995847120101,201800967,moisesyus1219@gmail.com,
"JOSE DANIEL","LORENZANA MEDINA",3718164320101,202206560,jodanielorenzana@gmail.com,
"JOSÉ DAVID","MARIN MIJANGOS",3619395820101,202201461,jdavidmmolina@gmail.com,
"JUAN PABLO","MARTINEZ SOLVAL",3032203410108,202100044,jp9martinez@gmail.com,
"HELEN ISELA","MIJANGOS ABREGO",2791683650101,202100509,ismijangos1@gmail.com,
"JAVIER ANDRES","MONJES SOLORZANO",3020696740101,202100081,javiermonjesnuevo@gmail.com,
"FERNANDO JOSE","MORALES RALDA",3660629210101,202003654,ferjomor@gmail.com,
"FRANKLIN ORLANDO","NOJ PEREZ",3110022770701,202200089,master11frank@gmail.com,
"JORGE LUIS","ORTIZ GUTIERREZ",3140554520901,202003536,202003536jorgeortiz@gmail.com,
"PABLO JOSE","ORTÍZ LINARES",3758142720101,202200231,pablo.ortiz1223498@gmail.com,
"ABEL ENRIQUE","PAZ MENDEZ",3042336410114,202000805,3042336410114@ingenieria.usac.edu.gt,
"JOSÉ ALEJANDRO","PAZ VILLATORO",3598220100101,202202696,joseale930@gmail.com,
"CHELSY MARLENY ANGELY","PÉREZ DE LEÓN",3000361590101,202100113,chelsyperezjunk@gmail.com,
"GABRIELA DESIREE","PINEDA RUIZ",2990872040101,201908248,gby123321@gmail.com,
"HENRY DAVID","QUEL SANTOS",3680558330101,202004071,henryquel011@gmail.com,
"ANDRES ALEJANDRO","QUEZADA CABRERA",3903542010101,202200174,ancabrera1224@gmail.com,
"CHRISTOPHER MIGUEL ANGEL","RAMOS ASCENCIO",3312427451801,202200057,kelltusad@gmail.com,
"PAMELA ABIGAIL","RATZAM XAJIL",3550608330101,202207595,pameratzam2002@gmail.com,
"MATTHEW EMMANUEL","REYES MELGAR",3594521240101,202202233,matthewrm99@gmail.com,
"JORGE LUIS","REYNA LÓPEZ",2989056200101,202200119,jorgeluisreynazepol@gmail.com,
"PAKAL B'ALAM","RODRIGUEZ ESPANTZAY",3090585030406,202201457,pakalrod@gmail.com,
"ERIC DAVID","ROJAS DE LEÓN",3007446250101,202200331,erdrojas@gmail.com,
"JONATAN SAMUEL JONATAN SAMUEL","ROJAS MAEDA",3540380360101,202200061,jonas23450947@gmail.com,
"BRAYAN OSWALDO","ROJAS MORALES",2997844600101,202108307,brayan.rmorales2001@gmail.com,
"DOMINIC JUAN PABLO","RUANO PEREZ",3863542270101,202200075,dojuparupe1975@gmail.com,
"ESTEPHANIE ALEJANDRA","RUIZ PEREZ",2994440740101,202201318,estefy.ruizp@gmail.com,
"MYNOR ESAÚ","SALAZAR VIRULA",2845095070614,201901509,2845095070614@ingenieria.usac.edu.gt,
"JORGE LEONEL","SÁNCHEZ FIGUEROA",3536011950101,202207551,jlsf200307@gmail.com,
"HAROLD ALEJANDRO","SÁNCHEZ HERNÁNDEZ",3074441040602,202200100,eduharold01@gmail.com,
"CARLOS EMANUEL","SANCIR REYES",3636514110101,202201131,sancircarlos113@gmail.com,
"EDIN RAFAEL","SANTIZO BARRERA",3017809780101,202202072,edinsantizo.r@gmail.com,
"CÉSAR FERNANDO","SAZO QUISQUINAY",2988693570101,202202906,cesarfernando.sazo@gmail.com,
"MARÍA PATRICIA","SERRANO RAMÍREZ",3993532670115,202201989,mariamserranor2004@gmail.com,
"JONATHAN ISRAEL","SOLIS GALLINA",2767838080304,202006658,2767838080304@ingenieria.usac.edu.gt,
"HECTOR RODRIGO","SUAREZ MORALES",3046826750115,202111460,hrodrigo.sm@gmail.com,
"JENNIFER YULISSA LOURDES","TAPERIO MANUEL",3168761941503,202103763,jenny.taperio@gmail.com,
"ANGEL EDUARDO","TUBAC SIMÓN",2991459990101,202200309,eduardosim0101@gmail.com,
"GARY DANIEL","URIZAR GARCIA",3011189300101,202101146,gary159qwe@gmail.com,
"ESTUARDO JOSUÉ","VAQUIAX REYES",3121958850413,202201336,estuardovaquiax@gmail.com,
"NÉSTOR ENRIQUE","VILLATORO AVENDAÑO",3014408320101,202200252,nestor3villatoro4@gmail.com,
"JUAN PABLO","ZÚNCAR AQUINO",3640972640115,202201213,juanzuncar12@gmail.com,
